Timecode List:,00:00:03.958,00:00:08.667,00:00:11.875,00:00:13.792,00:00:15.667,00:00:17.042,00:00:20.375
Scene Number,Start Frame,Start Timecode,Start Time (seconds),End Frame,End Timecode,End Time (seconds),Length (frames),Length (timecode),Length (seconds)
1,1,00:00:00.000,0.000,95,00:00:03.958,3.958,95,00:00:03.958,3.958
2,96,00:00:03.958,3.958,208,00:00:08.667,8.667,113,00:00:04.708,4.708
3,209,00:00:08.667,8.667,285,00:00:11.875,11.875,77,00:00:03.208,3.208
4,286,00:00:11.875,11.875,331,00:00:13.792,13.792,46,00:00:01.917,1.917
5,332,00:00:13.792,13.792,376,00:00:15.667,15.667,45,00:00:01.875,1.875
6,377,00:00:15.667,15.667,409,00:00:17.042,17.042,33,00:00:01.375,1.375
7,410,00:00:17.042,17.042,489,00:00:20.375,20.375,80,00:00:03.333,3.333
8,490,00:00:20.375,20.375,534,00:00:22.250,22.250,45,00:00:01.875,1.875
